Building,Room Number,Day,Free From,Free To
A동,103호,금,0930,2200
A동,103호,목,0930,2200
A동,103호,수,0930,2200
A동,103호,월,1320,1430
A동,103호,월,1620,1815
A동,103호,월,2050,2200
A동,103호,토,0930,2200
A동,103호,화,1620,1725
A동,103호,화,1905,2200
A동,104호,금,0930,2200
A동,104호,목,1320,2200
A동,104호,수,0930,2200
A동,104호,월,1720,2200
A동,104호,토,0930,2200
A동,104호,화,0930,2200
A동,107호,금,0930,2200
A동,107호,목,0930,1530
A동,107호,목,1905,2200
A동,107호,수,0930,2200
A동,107호,월,0930,2200
A동,107호,토,0930,2200
A동,107호,화,0930,2200
A동,109호,금,0930,2200
A동,109호,목,0930,2200
A동,109호,수,1320,1725
A동,109호,수,1905,2200
A동,109호,월,0930,1330
A동,109호,월,1720,2200
A동,109호,토,0930,2200
A동,109호,화,1720,2200
A동,110호,금,0930,2200
A동,110호,목,0930,1905
A동,110호,수,0930,2200
A동,110호,월,0930,2200
A동,110호,토,0930,2200
A동,110호,화,0930,2200
A동,201호,금,0930,2200
A동,201호,목,1720,2200
A동,201호,수,1320,1725
A동,201호,수,2050,2200
A동,201호,월,1320,1430
A동,201호,월,1815,2200
A동,201호,토,0930,2200
A동,201호,화,0930,1905
A동,218호,금,0930,2200
A동,218호,목,0930,1330
A동,218호,목,1420,2200
A동,218호,수,0930,2050
A동,218호,월,0930,2200
A동,218호,토,0930,2200
A동,218호,화,0930,1030
A동,218호,화,1420,2200
A동,220호,금,0930,1430
A동,220호,금,1955,2200
A동,220호,목,1120,1230
A동,220호,목,1420,2200
A동,220호,수,0930,2200
A동,220호,월,0930,1030
A동,220호,월,1815,2200
A동,220호,토,0930,2200
A동,220호,화,1320,1530
A동,220호,화,1905,2200
A동,302호,금,0930,1030
A동,302호,금,1320,1430
A동,302호,금,1720,2200
A동,302호,목,0930,2200
A동,302호,수,1320,1530
A동,302호,월,0930,2200
A동,302호,토,0930,2200
A동,302호,화,1720,2200
A동,319호,금,1120,1230
A동,319호,금,1420,2200
A동,319호,목,0930,1905
A동,319호,수,0930,1130
A동,319호,수,1320,1530
A동,319호,수,1815,2200
A동,319호,월,0930,2200
A동,319호,토,0930,2200
A동,319호,화,0930,1030
A동,319호,화,1220,1330
A동,319호,화,1905,2200
A동,321호,금,1220,1330
A동,321호,금,1620,2200
A동,321호,목,0930,1905
A동,321호,수,1120,1530
A동,321호,수,1905,2200
A동,321호,월,0930,1530
A동,321호,월,1815,2200
A동,321호,토,0930,2200
A동,321호,화,1220,1330
A동,321호,화,1620,2200
A동,323호,금,0930,2200
A동,323호,목,0930,1330
A동,323호,목,1420,2200
A동,323호,수,0930,2050
A동,323호,월,0930,2200
A동,323호,토,0930,2200
A동,323호,화,1220,1330
A동,323호,화,1620,2200
A동,401호,금,0930,1030
A동,401호,금,1320,1430
A동,401호,금,1720,2200
A동,401호,목,0930,1430
A동,401호,목,1720,2200
A동,401호,수,1320,1815
A동,401호,월,1220,1330
A동,401호,월,1720,2200
A동,401호,토,0930,2200
A동,401호,화,1720,2200
A동,402호,금,1720,2200
A동,402호,목,1320,1430
A동,402호,목,1720,2200
A동,402호,수,0930,2200
A동,402호,월,1720,2200
A동,402호,토,0930,2200
A동,402호,화,1720,2200
A동,405호,금,0930,2200
A동,405호,목,0930,2200
A동,405호,수,0930,1815
A동,405호,월,0930,2200
A동,405호,토,0930,2200
A동,405호,화,0930,2200
A동,409호,금,1720,2200
A동,409호,목,0930,1330
A동,409호,목,1720,2200
A동,409호,수,1320,2200
A동,409호,월,1720,2200
A동,409호,토,0930,2200
A동,409호,화,1720,2200
A동,410호,금,0930,2200
A동,410호,목,1320,2200
A동,410호,수,1320,1815
A동,410호,월,0930,1330
A동,410호,월,1720,2200
A동,410호,토,0930,2200
A동,410호,화,1320,2200
A동,413호,금,0930,2200
A동,413호,목,0930,2200
A동,413호,수,1320,1530
A동,413호,월,1220,2200
A동,413호,토,0930,2200
A동,413호,화,1720,2200
A동,414호,금,1720,2200
A동,414호,목,1220,1330
A동,414호,목,1720,2200
A동,414호,수,0930,2200
A동,414호,월,1320,2200
A동,414호,토,0930,2200
A동,414호,화,0930,2200
A동,415호,금,1320,1430
A동,415호,금,1720,2200
A동,415호,목,1720,2200
A동,415호,수,0930,2200
A동,415호,월,1720,2200
A동,415호,토,0930,2200
A동,415호,화,1720,2200
A동,416호,금,0930,2200
A동,416호,목,0930,2200
A동,416호,수,0930,1815
A동,416호,월,0930,2200
A동,416호,토,1220,2200
A동,416호,화,0930,2200
A동,500호,금,0930,2200
A동,500호,목,0930,2200
A동,500호,수,1320,1530
A동,500호,수,1720,1815
A동,500호,월,0930,2200
A동,500호,토,0930,2200
A동,500호,화,0930,1030
A동,500호,화,1620,2200
B동,101호,금,0930,2200
B동,101호,목,0930,1330
B동,101호,목,1420,1725
B동,101호,목,2050,2200
B동,101호,수,0930,2050
B동,101호,월,0930,2200
B동,101호,토,0930,2200
B동,101호,화,0930,1330
B동,101호,화,1620,2200
B동,105호,금,0930,2200
B동,105호,목,0930,1330
B동,105호,목,1720,2200
B동,105호,수,0930,2200
B동,105호,월,0930,2200
B동,105호,토,0930,2200
B동,105호,화,0930,2200
B동,110호,금,0930,2200
B동,110호,목,0930,1330
B동,110호,목,1420,2200
B동,110호,수,0930,1030
B동,110호,수,1320,1725
B동,110호,월,0930,1725
B동,110호,월,2050,2200
B동,110호,토,0930,2200
B동,110호,화,0930,1030
B동,110호,화,1420,2200
B동,111호,금,0930,2200
B동,111호,목,0930,2200
B동,111호,수,0930,1530
B동,111호,수,1905,2200
B동,111호,월,0930,2200
B동,111호,토,0930,2200
B동,111호,화,0930,1725
B동,111호,화,2050,2200
B동,113호,금,0930,2200
B동,113호,목,0930,2200
B동,113호,수,0930,1130
B동,113호,수,1320,2200
B동,113호,월,0930,1130
B동,113호,월,1320,2200
B동,113호,토,0930,2200
B동,113호,화,0930,2200
B동,202호,금,0930,2200
B동,202호,목,0930,2200
B동,202호,수,0930,1030
B동,202호,수,1320,2200
B동,202호,월,0930,2200
B동,202호,토,0930,2200
B동,202호,화,0930,2200
B동,206호,금,0930,2200
B동,206호,목,0930,1430
B동,206호,목,1620,2200
B동,206호,수,0930,1530
B동,206호,월,0930,1430
B동,206호,월,1620,2200
B동,206호,토,0930,2200
B동,206호,화,0930,2200
B동,207호,금,0930,2200
B동,207호,목,0930,1430
B동,207호,목,1620,2200
B동,207호,수,0930,1530
B동,207호,수,1620,2050
B동,207호,월,0930,1330
B동,207호,월,1520,2200
B동,207호,토,0930,2200
B동,207호,화,0930,1030
B동,207호,화,1120,1330
B동,207호,화,1420,2200
B동,209호,금,0930,2200
B동,209호,목,0930,1725
B동,209호,목,1815,2200
B동,209호,수,1020,2050
B동,209호,월,0930,1030
B동,209호,월,1220,1430
B동,209호,월,1620,2200
B동,209호,토,0930,2200
B동,209호,화,0930,1230
B동,209호,화,1520,1630
B동,209호,화,1815,2200
B동,225호,금,0930,2200
B동,225호,목,0930,1330
B동,225호,목,1420,2200
B동,225호,수,0930,1530
B동,225호,수,1720,2200
B동,225호,월,0930,2200
B동,225호,토,0930,2200
B동,225호,화,0930,2200
B동,226호,금,0930,2200
B동,226호,목,0930,1330
B동,226호,목,1420,2200
B동,226호,수,0930,1030
B동,226호,수,1220,1530
B동,226호,수,1720,2050
B동,226호,월,0930,1030
B동,226호,월,1320,1430
B동,226호,월,1720,2200
B동,226호,토,0930,2200
B동,226호,화,0930,1030
B동,226호,화,1220,1330
B동,226호,화,1420,1530
B동,226호,화,1720,2200
B동,301호,금,1320,2200
B동,301호,목,1320,1430
B동,301호,목,1720,1815
B동,301호,목,2050,2200
B동,301호,수,1320,1530
B동,301호,수,1905,2200
B동,301호,월,0930,1430
B동,301호,월,1720,1815
B동,301호,월,2050,2200
B동,301호,토,0930,2200
B동,301호,화,1720,1815
B동,303호,금,0930,2200
B동,303호,목,1720,1815
B동,303호,수,1320,1815
B동,303호,월,1320,1815
B동,303호,월,2050,2200
B동,303호,토,0930,2200
B동,303호,화,1720,2200
B동,315호,금,0930,2200
B동,315호,목,0930,2200
B동,315호,수,1320,2200
B동,315호,월,0930,2200
B동,315호,토,0930,2200
B동,315호,화,0930,1330
B동,315호,화,1720,2200
B동,320호,금,1320,1430
B동,320호,금,1815,2200
B동,320호,목,1320,2200
B동,320호,수,1320,2200
B동,320호,월,0930,1330
B동,320호,월,1720,2200
B동,320호,토,0930,2200
B동,320호,화,0930,2200
B동,401호,금,0930,2200
B동,401호,목,0930,1030
B동,401호,목,1955,2200
B동,401호,수,0930,2200
B동,401호,월,0930,1815
B동,401호,월,2050,2200
B동,401호,토,0930,2200
B동,401호,화,0930,1030
B동,401호,화,1320,1430
B동,401호,화,1720,1815
B동,401호,화,2050,2200
B동,404호,금,0930,2200
B동,404호,목,0930,1330
B동,404호,목,1420,2200
B동,404호,수,0930,1030
B동,404호,수,1220,1530
B동,404호,수,1720,2050
B동,404호,월,0930,2200
B동,404호,토,0930,2200
B동,404호,화,0930,1030
B동,404호,화,1220,1330
B동,404호,화,1420,1530
B동,404호,화,1720,2200
B동,405호,금,0930,2200
B동,405호,목,0930,2200
B동,405호,수,0930,1905
B동,405호,월,0930,1230
B동,405호,월,1620,1725
B동,405호,월,2050,2200
B동,405호,토,0930,2200
B동,405호,화,0930,2200
B동,410호,금,0930,1130
B동,410호,금,1420,2200
B동,410호,목,1320,1430
B동,410호,목,1720,2200
B동,410호,수,0930,1030
B동,410호,수,1320,1530
B동,410호,수,1720,2200
B동,410호,월,1120,1230
B동,410호,월,1420,1530
B동,410호,월,1720,1815
B동,410호,토,0930,2200
B동,410호,화,0930,1815
B동,412호,금,0930,1030
B동,412호,금,1320,2200
B동,412호,목,0930,1030
B동,412호,목,1720,2200
B동,412호,수,1320,1530
B동,412호,수,1815,2200
B동,412호,월,0930,1030
B동,412호,월,1320,1430
B동,412호,월,1720,2200
B동,412호,토,0930,2200
B동,412호,화,0930,1330
B동,412호,화,1720,2200
B동,413호,금,0930,2200
B동,413호,목,1220,1530
B동,413호,목,1720,2200
B동,413호,수,0930,1130
B동,413호,수,1220,1530
B동,413호,수,1905,2200
B동,413호,월,1220,1330
B동,413호,월,1620,2200
B동,413호,토,0930,2200
B동,413호,화,1220,1530
B동,413호,화,1955,2200
B동,414호,금,0930,2200
B동,414호,목,0930,1330
B동,414호,목,1420,2200
B동,414호,수,0930,1030
B동,414호,수,1320,1530
B동,414호,수,1905,2050
B동,414호,월,0930,1130
B동,414호,월,1520,2200
B동,414호,토,0930,2200
B동,414호,화,1720,2200
C동,101호,금,0930,2200
C동,101호,목,1520,1725
C동,101호,목,1905,2200
C동,101호,수,0930,1530
C동,101호,수,1720,2200
C동,101호,월,1905,2200
C동,101호,토,0930,2200
C동,101호,화,0930,1130
C동,101호,화,1905,2200
C동,102호,금,0930,1725
C동,102호,금,1905,2200
C동,102호,목,0930,1130
C동,102호,목,1905,2200
C동,102호,수,0930,1530
C동,102호,수,1720,2200
C동,102호,월,0930,1130
C동,102호,월,1320,1530
C동,102호,월,1905,2200
C동,102호,토,0930,2200
C동,102호,화,0930,1030
C동,102호,화,1220,1330
C동,102호,화,1905,2200
C동,105호,금,0930,1030
C동,105호,금,1320,1430
C동,105호,금,1720,2200
C동,105호,목,0930,1030
C동,105호,목,1320,1430
C동,105호,목,1720,2200
C동,105호,수,0930,1030
C동,105호,수,1320,1530
C동,105호,수,1955,2200
C동,105호,월,0930,1430
C동,105호,월,1955,2200
C동,105호,토,0930,2200
C동,105호,화,0930,1030
C동,105호,화,1320,1530
C동,105호,화,1815,2200
C동,106호,금,0930,2200
C동,106호,목,1320,2200
C동,106호,수,0930,2000
C동,106호,월,0930,2200
C동,106호,토,0930,2200
C동,106호,화,0930,1430
C동,106호,화,1520,1630
C동,106호,화,1720,2140
C동,107호,금,0930,2000
C동,107호,목,0930,2200
C동,107호,수,0930,2000
C동,107호,월,0930,2050
C동,107호,토,0930,2200
C동,107호,화,0930,2140
C동,109호,금,0930,1030
C동,109호,금,1420,2200
C동,109호,목,1120,1530
C동,109호,목,1720,2200
C동,109호,수,1120,1530
C동,109호,수,1815,2200
C동,109호,월,1120,1330
C동,109호,월,1720,2200
C동,109호,토,0930,2200
C동,109호,화,0930,1130
C동,109호,화,1320,1430
C동,109호,화,1815,2200
C동,111호,금,0930,2200
C동,111호,목,0930,1230
C동,111호,목,1520,2200
C동,111호,수,0930,1530
C동,111호,수,1720,2200
C동,111호,월,0930,1530
C동,111호,월,1720,1905
C동,111호,월,2050,2200
C동,111호,토,0930,2200
C동,111호,화,0930,1230
C동,111호,화,1320,1530
C동,111호,화,1720,1905
C동,111호,화,2050,2200
C동,201호,금,1120,1430
C동,201호,금,1720,2200
C동,201호,목,0930,1030
C동,201호,목,1220,1815
C동,201호,목,1905,2200
C동,201호,수,0930,1530
C동,201호,수,1720,2200
C동,201호,월,0930,1030
C동,201호,월,1220,1330
C동,201호,월,1720,2200
C동,201호,토,0930,2200
C동,201호,화,0930,1130
C동,201호,화,1220,1330
C동,201호,화,1815,2200
C동,207호,금,0930,1330
C동,207호,금,1720,2200
C동,207호,목,0930,1030
C동,207호,목,1320,1430
C동,207호,목,1905,2200
C동,207호,수,1320,1725
C동,207호,수,1905,2200
C동,207호,월,0930,1030
C동,207호,월,1520,1630
C동,207호,월,1720,2200
C동,207호,토,0930,2200
C동,207호,화,0930,1430
C동,207호,화,1720,2200
C동,218호,금,0930,1130
C동,218호,금,1420,2200
C동,218호,목,0930,1230
C동,218호,목,1320,1530
C동,218호,목,1815,2200
C동,218호,수,0930,1030
C동,218호,수,1320,1530
C동,218호,수,1815,2200
C동,218호,월,0930,1030
C동,218호,월,1220,1725
C동,218호,월,1905,2200
C동,218호,토,0930,2200
C동,218호,화,0930,1030
C동,218호,화,1420,1725
C동,218호,화,1815,2200
C동,219호,금,1220,1530
C동,219호,금,1815,2200
C동,219호,목,1220,1430
C동,219호,목,1720,2200
C동,219호,수,0930,1530
C동,219호,수,1815,2200
C동,219호,월,0930,1430
C동,219호,월,1720,2200
C동,219호,토,0930,2200
C동,219호,화,1220,1330
C동,219호,화,1955,2200
C동,221호,금,0930,1030
C동,221호,금,1220,1330
C동,221호,금,1520,2200
C동,221호,목,0930,2200
C동,221호,수,0930,1530
C동,221호,수,1720,2000
C동,221호,월,0930,1330
C동,221호,월,1720,1815
C동,221호,월,1955,2200
C동,221호,토,0930,2200
C동,221호,화,0930,1130
C동,221호,화,1905,2140
C동,301호,금,1220,1330
C동,301호,금,1620,1725
C동,301호,금,2050,2200
C동,301호,목,1220,1330
C동,301호,목,1720,1815
C동,301호,목,1905,2200
C동,301호,수,0930,1725
C동,301호,수,1905,2200
C동,301호,월,0930,1030
C동,301호,월,1220,2200
C동,301호,토,0930,2200
C동,301호,화,0930,1030
C동,301호,화,1220,1330
C동,301호,화,1520,1630
C동,301호,화,1720,2200
C동,308호,금,0930,1030
C동,308호,금,1320,1430
C동,308호,금,1720,2200
C동,308호,목,0930,1030
C동,308호,목,1320,1530
C동,308호,목,1905,2200
C동,308호,수,0930,2200
C동,308호,월,0930,1330
C동,308호,월,1620,2200
C동,308호,토,0930,2200
C동,308호,화,0930,1030
C동,308호,화,1320,1530
C동,308호,화,1815,2200
C동,310호,금,0930,1030
C동,310호,금,1320,1430
C동,310호,금,1720,2200
C동,310호,목,0930,1030
C동,310호,목,1220,1330
C동,310호,목,1620,1725
C동,310호,목,1905,2200
C동,310호,수,0930,1030
C동,310호,수,1220,1530
C동,310호,수,1955,2200
C동,310호,월,0930,1430
C동,310호,월,1620,2200
C동,310호,토,0930,2200
C동,310호,화,0930,1030
C동,310호,화,1220,1430
C동,310호,화,1620,2200
C동,320호,금,0930,1430
C동,320호,금,1720,2200
C동,320호,목,0930,2200
C동,320호,수,0930,2200
C동,320호,월,0930,2200
C동,320호,토,0930,2200
C동,320호,화,0930,2200
C동,322호,금,0930,1430
C동,322호,금,1720,2200
C동,322호,목,0930,1815
C동,322호,목,1905,2200
C동,322호,수,0930,1030
C동,322호,수,1220,1530
C동,322호,수,1720,2200
C동,322호,월,0930,1430
C동,322호,월,1620,2200
C동,322호,토,0930,2200
C동,322호,화,0930,2200
C동,401호,금,1120,1230
C동,401호,금,1720,2200
C동,401호,목,0930,1330
C동,401호,목,1520,1815
C동,401호,목,1905,2200
C동,401호,수,1320,1530
C동,401호,수,1720,2200
C동,401호,월,1320,1430
C동,401호,월,1815,2200
C동,401호,토,0930,2200
C동,401호,화,0930,1230
C동,401호,화,1420,2200
C동,402호,금,0930,1030
C동,402호,금,1320,2200
C동,402호,목,1020,2200
C동,402호,수,1220,2200
C동,402호,월,0930,1330
C동,402호,월,1520,2200
C동,402호,토,0930,2200
C동,402호,화,0930,1130
C동,402호,화,1220,1430
C동,402호,화,1720,2200
C동,403호,금,0930,2200
C동,403호,목,0930,1030
C동,403호,목,1320,1530
C동,403호,목,1815,2200
C동,403호,수,0930,1030
C동,403호,수,1120,1530
C동,403호,수,1815,2200
C동,403호,월,0930,1030
C동,403호,월,1220,2200
C동,403호,토,0930,2200
C동,403호,화,0930,1530
C동,403호,화,1905,2200
C동,404호,금,0930,2200
C동,404호,목,0930,2200
C동,404호,수,0930,1030
C동,404호,수,1320,1530
C동,404호,수,1815,2200
C동,404호,월,0930,1430
C동,404호,월,1720,2200
C동,404호,토,0930,2200
C동,404호,화,1320,2200
C동,405호,금,1320,2200
C동,405호,목,1120,1230
C동,405호,목,1320,1430
C동,405호,목,1520,2200
C동,405호,수,0930,1030
C동,405호,수,1120,1230
C동,405호,수,1320,1725
C동,405호,수,1905,2200
C동,405호,월,0930,1030
C동,405호,월,1220,1530
C동,405호,월,1720,2200
C동,405호,토,0930,2200
C동,405호,화,1120,1725
C동,405호,화,1905,2200
C동,407호,금,0930,2200
C동,407호,목,0930,1530
C동,407호,목,1720,1815
C동,407호,목,1905,2200
C동,407호,수,0930,1725
C동,407호,수,1905,2200
C동,407호,월,0930,1030
C동,407호,월,1220,2200
C동,407호,토,0930,2200
C동,407호,화,0930,2200
C동,408호,금,0930,1430
C동,408호,금,1720,2200
C동,408호,목,0930,1815
C동,408호,목,1905,2200
C동,408호,수,0930,2200
C동,408호,월,0930,2200
C동,408호,토,0930,2200
C동,408호,화,0930,2200
C동,409호,금,0930,2200
C동,409호,목,0930,1230
C동,409호,목,1520,2200
C동,409호,수,1320,1530
C동,409호,수,1905,2200
C동,409호,월,0930,1030
C동,409호,월,1720,2200
C동,409호,토,0930,2200
C동,409호,화,1720,2200
C동,500호,금,0930,1430
C동,500호,금,1720,2200
C동,500호,목,0930,1030
C동,500호,목,1220,1330
C동,500호,목,1520,1815
C동,500호,목,1905,2200
C동,500호,수,0930,2200
C동,500호,월,0930,1030
C동,500호,월,1220,1430
C동,500호,월,1720,2200
C동,500호,토,0930,2200
C동,500호,화,0930,1030
C동,500호,화,1220,1330
C동,500호,화,1520,1630
C동,500호,화,1720,2200
D동,101호,금,0930,2200
D동,101호,목,0930,2200
D동,101호,수,1320,2200
D동,101호,월,0930,1330
D동,101호,월,1720,2200
D동,101호,토,0930,2200
D동,101호,화,0930,2200
D동,102호,금,0930,2200
D동,102호,목,0930,2200
D동,102호,수,0930,2200
D동,102호,월,0930,1330
D동,102호,월,1720,2200
D동,102호,토,0930,2200
D동,102호,화,0930,2200
D동,103호,금,0930,2200
D동,103호,목,1720,2200
D동,103호,수,0930,1905
D동,103호,월,0930,2200
D동,103호,토,0930,2200
D동,103호,화,0930,1725
D동,103호,화,1815,2200
D동,106호,금,0930,2200
D동,106호,목,1720,2200
D동,106호,수,0930,1905
D동,106호,월,0930,2200
D동,106호,토,0930,2200
D동,106호,화,1320,1725
D동,106호,화,1815,2200
D동,107호,금,0930,2200
D동,107호,목,0930,2200
D동,107호,수,1320,2200
D동,107호,월,0930,2200
D동,107호,토,0930,2200
D동,107호,화,0930,2200
D동,108호,금,1955,2200
D동,108호,목,1020,2200
D동,108호,수,0930,2200
D동,108호,월,0930,2200
D동,108호,토,0930,2200
D동,108호,화,0930,2200
D동,110호,금,0930,2200
D동,110호,목,0930,2200
D동,110호,수,0930,1905
D동,110호,월,0930,2200
D동,110호,토,0930,2200
D동,110호,화,0930,1030
D동,110호,화,1320,1430
D동,110호,화,1815,2200
D동,201호,금,0930,1430
D동,201호,금,1720,2200
D동,201호,목,0930,2200
D동,201호,수,0930,1130
D동,201호,수,1320,1530
D동,201호,수,1720,2200
D동,201호,월,0930,1030
D동,201호,월,1220,2200
D동,201호,토,1220,2200
D동,201호,화,0930,2200
D동,202호,금,0930,2200
D동,202호,목,1720,2200
D동,202호,수,1320,1530
D동,202호,수,1905,2200
D동,202호,월,0930,1030
D동,202호,월,1720,1815
D동,202호,월,1905,2200
D동,202호,토,0930,2200
D동,202호,화,0930,1030
D동,202호,화,1905,2200
D동,207호,금,0930,2200
D동,207호,목,0930,2200
D동,207호,수,1320,1530
D동,207호,월,1720,2200
D동,207호,토,0930,2200
D동,207호,화,0930,1725
D동,207호,화,1815,2200
D동,215호,금,1220,1330
D동,215호,금,1620,2200
D동,215호,목,0930,1430
D동,215호,목,1720,2200
D동,215호,수,1320,1530
D동,215호,수,1720,1905
D동,215호,수,2050,2200
D동,215호,월,0930,1030
D동,215호,월,1320,1530
D동,215호,토,0930,2200
D동,215호,화,1220,1430
D동,215호,화,1720,1905
D동,216호,금,0930,2200
D동,216호,목,1720,2200
D동,216호,수,0930,1530
D동,216호,수,1815,2200
D동,216호,월,1720,2200
D동,216호,토,0930,2200
D동,216호,화,1320,1430
D동,216호,화,1720,2200
D동,301호,금,1720,2200
D동,301호,목,0930,2200
D동,301호,수,0930,2200
D동,301호,월,0930,2200
D동,301호,토,0930,2200
D동,301호,화,0930,2200
D동,302호,금,0930,1725
D동,302호,금,1955,2200
D동,302호,목,1020,2200
D동,302호,수,0930,2200
D동,302호,월,0930,1130
D동,302호,월,1905,2200
D동,302호,토,0930,2200
D동,302호,화,1520,2200
D동,308호,금,0930,1725
D동,308호,금,1955,2200
D동,308호,목,1020,2200
D동,308호,수,0930,2200
D동,308호,월,0930,2200
D동,308호,토,0930,2200
D동,308호,화,0930,1030
D동,308호,화,1815,2200
D동,316호,금,0930,1725
D동,316호,금,1955,2200
D동,316호,목,1420,1530
D동,316호,목,1905,2200
D동,316호,수,0930,2200
D동,316호,월,0930,2200
D동,316호,토,0930,2200
D동,316호,화,0930,1030
D동,316호,화,1815,2200
D동,318호,금,0930,1725
D동,318호,목,1020,2050
D동,318호,수,0930,2200
D동,318호,월,0930,2200
D동,318호,토,0930,2200
D동,318호,화,0930,2200
D동,401호,금,0930,2200
D동,401호,목,0930,2200
D동,401호,수,0930,2200
D동,401호,월,1320,2200
D동,401호,토,0930,2200
D동,401호,화,0930,1530
D동,401호,화,1905,2200
D동,402호,금,0930,2200
D동,402호,목,0930,1030
D동,402호,목,1220,1330
D동,402호,목,1720,2200
D동,402호,수,0930,1030
D동,402호,수,1220,2200
D동,402호,월,0930,2200
D동,402호,토,0930,2200
D동,402호,화,0930,1030
D동,402호,화,1220,1330
D동,402호,화,1520,2200
D동,407호,금,0930,1430
D동,407호,금,1720,2200
D동,407호,목,0930,1430
D동,407호,목,1720,2200
D동,407호,수,0930,1530
D동,407호,수,1815,2200
D동,407호,월,0930,1725
D동,407호,월,1955,2200
D동,407호,토,0930,2200
D동,407호,화,0930,2200
D동,409호,금,0930,1725
D동,409호,금,1955,2200
D동,409호,목,1020,2200
D동,409호,수,0930,2200
D동,409호,월,0930,2200
D동,409호,토,0930,2200
D동,409호,화,0930,2200
D동,416-A호,금,1420,2200
D동,416-A호,목,0930,2200
D동,416-A호,수,0930,1530
D동,416-A호,월,0930,2200
D동,416-A호,토,1220,2200
D동,416-A호,화,0930,1725
D동,416-A호,화,1815,2200
D동,416-B호,금,1420,2200
D동,416-B호,목,0930,2200
D동,416-B호,수,0930,1530
D동,416-B호,수,1815,1905
D동,416-B호,월,0930,1530
D동,416-B호,월,1905,2200
D동,416-B호,토,0930,2200
D동,416-B호,화,1815,2200
D동,417호,금,0930,1725
D동,417호,금,1955,2200
D동,417호,목,1815,2200
D동,417호,수,0930,2200
D동,417호,월,0930,2200
D동,417호,토,0930,2200
D동,417호,화,0930,2200
E동,217호,금,0930,2200
E동,217호,목,0930,1430
E동,217호,목,1720,2200
E동,217호,수,0930,2200
E동,217호,월,0930,1130
E동,217호,월,1220,1430
E동,217호,월,1720,2200
E동,217호,토,0930,2200
E동,217호,화,1120,1430
E동,217호,화,1720,2200
E동,218호,금,0930,2200
E동,218호,목,1720,2200
E동,218호,수,0930,2000
E동,218호,월,0930,2200
E동,218호,토,0930,2200
E동,218호,화,0930,2140
E동,219호,금,0930,1030
E동,219호,금,1220,1330
E동,219호,금,1520,2200
E동,219호,목,0930,1030
E동,219호,목,1720,1815
E동,219호,목,2050,2200
E동,219호,수,1320,2000
E동,219호,월,0930,1030
E동,219호,월,1220,1330
E동,219호,월,1520,2200
E동,219호,토,0930,2200
E동,219호,화,0930,1030
E동,219호,화,1220,1330
E동,219호,화,1520,2140
E동,222호,금,0930,2200
E동,222호,목,0930,1030
E동,222호,목,1220,2200
E동,222호,수,0930,1030
E동,222호,수,1320,1725
E동,222호,수,1955,2200
E동,222호,월,0930,1030
E동,222호,월,1220,1530
E동,222호,월,1815,2200
E동,222호,토,0930,2200
E동,222호,화,0930,1130
E동,222호,화,1220,1725
E동,222호,화,1955,2200
E동,223호,금,0930,1330
E동,223호,금,1720,2200
E동,223호,목,1120,2200
E동,223호,수,0930,1130
E동,223호,수,1320,1530
E동,223호,수,1905,2000
E동,223호,월,0930,1030
E동,223호,월,1220,1330
E동,223호,월,1520,1630
E동,223호,월,1815,2200
E동,223호,토,0930,2200
E동,223호,화,0930,1530
E동,223호,화,1620,2140
E동,318호,금,0930,2200
E동,318호,목,1120,1330
E동,318호,목,2050,2200
E동,318호,수,1120,1530
E동,318호,수,1720,2200
E동,318호,월,0930,1330
E동,318호,월,1520,1630
E동,318호,월,1955,2200
E동,318호,토,0930,2200
E동,318호,화,0930,1330
E동,318호,화,1720,2200
E동,319호,금,0930,2200
E동,319호,목,0930,1330
E동,319호,목,2050,2200
E동,319호,수,0930,1130
E동,319호,수,1320,1530
E동,319호,수,1720,2200
E동,319호,월,0930,1030
E동,319호,월,1220,1330
E동,319호,월,1520,1630
E동,319호,토,0930,2200
E동,319호,화,0930,1530
E동,319호,화,1720,2200
E동,320호,금,0930,1725
E동,320호,금,1905,2200
E동,320호,목,0930,1130
E동,320호,목,1320,2200
E동,320호,수,1320,1530
E동,320호,수,1720,2000
E동,320호,월,0930,1030
E동,320호,월,1220,1330
E동,320호,월,1520,1725
E동,320호,월,1905,2200
E동,320호,토,0930,2200
E동,320호,화,0930,1030
E동,320호,화,1220,1330
E동,320호,화,1720,2140
E동,321호,금,0930,2200
E동,321호,목,0930,1130
E동,321호,목,1220,2200
E동,321호,수,1320,2200
E동,321호,월,0930,1030
E동,321호,월,1220,1530
E동,321호,월,1720,2200
E동,321호,토,0930,2200
E동,321호,화,1120,1330
E동,321호,화,1520,1725
E동,321호,화,1955,2200
E동,322호,금,0930,2200
E동,322호,목,1720,2200
E동,322호,수,0930,1030
E동,322호,수,1320,1530
E동,322호,수,1720,2000
E동,322호,월,0930,1030
E동,322호,월,1120,1330
E동,322호,월,1815,2200
E동,322호,토,0930,2200
E동,322호,화,0930,1430
E동,322호,화,1520,1630
E동,322호,화,1720,2140
E동,323호,금,0930,2200
E동,323호,목,0930,1230
E동,323호,목,1420,1530
E동,323호,목,1720,2200
E동,323호,수,0930,1130
E동,323호,수,1320,1530
E동,323호,수,1905,2000
E동,323호,월,0930,1130
E동,323호,월,1905,2200
E동,323호,토,0930,2200
E동,323호,화,0930,1230
E동,323호,화,1320,1430
E동,323호,화,1815,2140
E동,416호,금,0930,2200
E동,416호,목,1120,1230
E동,416호,목,1620,2200
E동,416호,수,0930,1530
E동,416호,수,1720,2200
E동,416호,월,0930,1230
E동,416호,월,1420,1530
E동,416호,월,1720,2200
E동,416호,토,0930,2200
E동,416호,화,0930,1030
E동,416호,화,1220,1330
E동,416호,화,1815,2200
E동,421호,금,0930,2200
E동,421호,목,0930,1030
E동,421호,목,1220,1725
E동,421호,목,1955,2200
E동,421호,수,1120,1230
E동,421호,수,1320,1725
E동,421호,수,1955,2200
E동,421호,월,0930,1130
E동,421호,월,1220,1330
E동,421호,월,1520,1630
E동,421호,월,1815,2200
E동,421호,토,0930,2200
E동,421호,화,1220,1330
E동,421호,화,1520,1725
E동,421호,화,1955,2200
E동,422호,금,0930,2200
E동,422호,목,0930,1030
E동,422호,목,1220,2200
E동,422호,수,1120,1530
E동,422호,수,1620,2200
E동,422호,월,0930,1030
E동,422호,월,1220,1630
E동,422호,월,1905,2200
E동,422호,토,0930,2200
E동,422호,화,0930,1330
E동,422호,화,1955,2200
E동,423호,금,0930,2200
E동,423호,목,0930,1330
E동,423호,목,2050,2200
E동,423호,수,0930,1130
E동,423호,수,1320,1530
E동,423호,수,1720,1815
E동,423호,수,1955,2200
E동,423호,월,0930,1330
E동,423호,월,1520,1725
E동,423호,월,1905,2200
E동,423호,토,0930,2200
E동,423호,화,0930,1330
E동,423호,화,1520,2200
E동,424호,금,1120,1330
E동,424호,금,1520,2200
E동,424호,목,0930,1530
E동,424호,목,1720,2200
E동,424호,수,0930,1530
E동,424호,수,1720,2200
E동,424호,월,0930,1530
E동,424호,월,1720,1905
E동,424호,월,2050,2200
E동,424호,토,0930,2200
E동,424호,화,0930,1530
E동,424호,화,1720,1905
E동,424호,화,2050,2200
E동,501호,금,0930,2200
E동,501호,목,0930,2200
E동,501호,수,1120,2200
E동,501호,월,0930,1130
E동,501호,월,1220,2200
E동,501호,토,0930,2200
E동,501호,화,0930,2200
E동,504호,금,0930,2200
E동,504호,목,0930,2200
E동,504호,수,1220,2200
E동,504호,월,1220,1530
E동,504호,월,1815,2200
E동,504호,토,0930,2200
E동,504호,화,0930,2200
E동,510호,금,0930,1030
E동,510호,금,1220,1330
E동,510호,금,1520,2200
E동,510호,목,0930,2200
E동,510호,수,0930,2000
E동,510호,월,0930,1030
E동,510호,월,1220,1530
E동,510호,월,1720,2200
E동,510호,토,0930,2200
E동,510호,화,0930,2140
E동,511호,금,0930,1030
E동,511호,금,1620,2200
E동,511호,목,0930,1430
E동,511호,목,1720,2200
E동,511호,수,0930,1530
E동,511호,수,1815,2200
E동,511호,월,0930,2200
E동,511호,토,0930,2200
E동,511호,화,0930,1430
E동,511호,화,1720,2200
E동,512호,금,0930,1030
E동,512호,금,1320,1430
E동,512호,금,1720,2200
E동,512호,목,0930,1030
E동,512호,목,1220,2200
E동,512호,수,0930,1130
E동,512호,수,1320,1725
E동,512호,수,1955,2200
E동,512호,월,0930,1130
E동,512호,월,1220,1330
E동,512호,월,1815,2200
E동,512호,토,0930,2200
E동,512호,화,1220,1330
E동,512호,화,1520,1725
E동,512호,화,1955,2200
E동,513호,금,0930,2200
E동,513호,목,0930,1815
E동,513호,목,2050,2200
E동,513호,수,0930,1530
E동,513호,수,1720,2200
E동,513호,월,0930,1330
E동,513호,월,1520,1630
E동,513호,월,1955,2200
E동,513호,토,0930,2200
E동,513호,화,0930,2200
E동,515호,금,0930,1330
E동,515호,금,1720,2200
E동,515호,목,0930,2200
E동,515호,수,0930,2000
E동,515호,월,0930,1030
E동,515호,월,1220,1330
E동,515호,월,1520,2200
E동,515호,토,0930,2200
E동,515호,화,0930,2140
E동,516호,금,0930,2200
E동,516호,목,0930,1330
E동,516호,목,1815,2200
E동,516호,수,0930,1530
E동,516호,수,1720,2200
E동,516호,월,0930,1030
E동,516호,월,1220,1330
E동,516호,월,1520,1630
E동,516호,월,1815,2200
E동,516호,토,0930,2200
E동,516호,화,0930,2200
E동,517호,금,0930,1030
E동,517호,금,1320,2200
E동,517호,목,0930,1815
E동,517호,목,2050,2200
E동,517호,수,0930,1530
E동,517호,수,2050,2200
E동,517호,월,0930,1330
E동,517호,월,1520,1815
E동,517호,월,2050,2200
E동,517호,토,0930,2200
E동,517호,화,0930,1725
E동,517호,화,2050,2200
G동,317호,금,0930,2200
G동,317호,목,0930,2200
G동,317호,수,0930,2200
G동,317호,월,0930,1725
G동,317호,월,2050,2200
G동,317호,토,0930,2200
G동,317호,화,0930,2200
G동,319호,금,0930,1430
G동,319호,금,1720,2200
G동,319호,목,1020,1130
G동,319호,목,1520,1725
G동,319호,목,1815,2200
G동,319호,수,0930,1030
G동,319호,수,1220,1630
G동,319호,수,1815,2200
G동,319호,월,0930,1030
G동,319호,월,1320,1530
G동,319호,월,2050,2200
G동,319호,토,0930,2200
G동,319호,화,0930,1030
G동,319호,화,1320,2200
G동,401호,금,0930,1030
G동,401호,금,1320,1430
G동,401호,금,1720,2200
G동,401호,목,0930,1130
G동,401호,목,1320,1430
G동,401호,목,1620,2200
G동,401호,수,0930,1030
G동,401호,수,1320,2200
G동,401호,월,0930,1030
G동,401호,월,1520,1725
G동,401호,월,2050,2200
G동,401호,토,0930,2200
G동,401호,화,0930,1030
G동,401호,화,1120,1230
G동,401호,화,1620,2200
G동,402호,금,0930,1130
G동,402호,금,1520,2200
G동,402호,목,0930,1230
G동,402호,목,1620,1815
G동,402호,목,1905,2200
G동,402호,수,1320,2200
G동,402호,월,0930,1130
G동,402호,월,1320,1430
G동,402호,월,1620,1725
G동,402호,월,2050,2200
G동,402호,토,0930,2200
G동,402호,화,0930,1030
G동,402호,화,1220,1430
G동,402호,화,1720,2200
G동,403호,금,0930,1030
G동,403호,금,1320,1430
G동,403호,금,1720,2200
G동,403호,목,0930,1030
G동,403호,목,1320,1725
G동,403호,목,1955,2200
G동,403호,수,0930,2200
G동,403호,월,0930,1725
G동,403호,월,2050,2200
G동,403호,토,0930,2200
G동,403호,화,0930,1530
G동,403호,화,1720,2200
G동,404호,금,0930,1230
G동,404호,금,1520,2200
G동,404호,목,0930,1230
G동,404호,목,1320,1430
G동,404호,목,1520,1630
G동,404호,목,1720,2200
G동,404호,수,1320,1530
G동,404호,수,1720,2200
G동,404호,월,0930,1030
G동,404호,월,2050,2200
G동,404호,토,0930,2200
G동,404호,화,0930,1030
G동,404호,화,1120,1230
G동,404호,화,1420,1530
G동,404호,화,1720,2200
G동,406호,금,0930,1030
G동,406호,금,1320,1430
G동,406호,금,1720,2200
G동,406호,목,0930,1030
G동,406호,목,1320,1430
G동,406호,목,1720,2200
G동,406호,수,0930,2200
G동,406호,월,0930,1725
G동,406호,월,2050,2200
G동,406호,토,0930,2200
G동,406호,화,0930,1030
G동,406호,화,1320,2200
G동,407호,금,0930,1030
G동,407호,금,1320,1430
G동,407호,금,1720,2200
G동,407호,목,0930,1030
G동,407호,목,1320,1430
G동,407호,목,1720,2200
G동,407호,수,0930,2200
G동,407호,월,0930,1030
G동,407호,월,1320,1430
G동,407호,월,2050,2200
G동,407호,토,0930,2200
G동,407호,화,0930,1030
G동,407호,화,1320,1430
G동,407호,화,1720,2200
G동,409호,금,0930,1130
G동,409호,금,1520,2200
G동,409호,목,0930,1030
G동,409호,목,1220,1330
G동,409호,목,1520,2200
G동,409호,수,0930,2200
G동,409호,월,0930,1330
G동,409호,월,1520,1725
G동,409호,월,2050,2200
G동,409호,토,0930,2200
G동,409호,화,0930,1330
G동,409호,화,1720,2200
G동,410호,금,1120,1530
G동,410호,금,1720,2200
G동,410호,목,0930,1230
G동,410호,목,1420,2200
G동,410호,수,0930,2200
G동,410호,월,0930,1725
G동,410호,월,1905,2200
G동,410호,토,0930,2200
G동,410호,화,0930,1230
G동,410호,화,1420,2200
G동,411호,금,0930,1030
G동,411호,금,1320,2200
G동,411호,목,0930,1330
G동,411호,목,2050,2200
G동,411호,수,1320,2200
G동,411호,월,0930,1030
G동,411호,월,1320,1725
G동,411호,월,2050,2200
G동,411호,토,0930,2200
G동,411호,화,0930,1130
G동,411호,화,1520,2200
TIP,209호,금,1320,2200
TIP,209호,목,1320,2200
TIP,209호,수,0930,2000
TIP,209호,월,0930,1030
TIP,209호,월,1220,1330
TIP,209호,월,1520,2200
TIP,209호,토,0930,2200
TIP,209호,화,1720,2140
TIP,210A호,금,1320,2200
TIP,210A호,목,0930,1725
TIP,210A호,목,1905,2200
TIP,210A호,수,1320,1530
TIP,210A호,수,1720,2200
TIP,210A호,월,0930,2200
TIP,210A호,토,0930,2200
TIP,210A호,화,0930,1330
TIP,210A호,화,1520,1725
TIP,210A호,화,1905,2200
TIP,210B호,금,1320,2200
TIP,210B호,목,0930,1725
TIP,210B호,목,1905,2200
TIP,210B호,수,1320,1530
TIP,210B호,수,1720,2200
TIP,210B호,월,0930,2200
TIP,210B호,토,0930,2200
TIP,210B호,화,0930,1330
TIP,210B호,화,1520,1725
TIP,210B호,화,1905,2200
TIP,212호,금,1320,2200
TIP,212호,목,0930,1725
TIP,212호,목,1905,2200
TIP,212호,수,1320,1530
TIP,212호,수,1720,2200
TIP,212호,월,0930,2200
TIP,212호,토,0930,2200
TIP,212호,화,0930,1330
TIP,212호,화,1520,1725
TIP,212호,화,1905,2200
TIP,214호,금,1320,2200
TIP,214호,목,0930,1725
TIP,214호,목,1905,2200
TIP,214호,수,1320,1530
TIP,214호,수,1720,2200
TIP,214호,월,0930,2200
TIP,214호,토,0930,2200
TIP,214호,화,0930,1330
TIP,214호,화,1520,1725
TIP,214호,화,1905,2200
TIP,216호,금,0930,1130
TIP,216호,금,1320,2200
TIP,216호,목,0930,1725
TIP,216호,목,1905,2200
TIP,216호,수,0930,1130
TIP,216호,수,1320,1530
TIP,216호,수,1720,2200
TIP,216호,월,0930,2200
TIP,216호,토,0930,2200
TIP,216호,화,0930,1330
TIP,216호,화,1520,1725
TIP,216호,화,1905,2200
TIP,226호,금,1320,2200
TIP,226호,목,0930,1725
TIP,226호,목,1905,2200
TIP,226호,수,1320,1530
TIP,226호,수,1720,2200
TIP,226호,월,0930,2200
TIP,226호,토,0930,2200
TIP,226호,화,0930,1330
TIP,226호,화,1520,1725
TIP,226호,화,1905,2200
TIP,227호,금,1320,2200
TIP,227호,목,0930,1725
TIP,227호,목,1905,2200
TIP,227호,수,1320,1530
TIP,227호,수,1720,2200
TIP,227호,월,0930,2200
TIP,227호,토,0930,2200
TIP,227호,화,0930,1330
TIP,227호,화,1520,1725
TIP,227호,화,1905,2200
TIP,326호,금,1320,2200
TIP,326호,목,0930,1725
TIP,326호,목,1905,2200
TIP,326호,수,1320,1530
TIP,326호,수,1720,2200
TIP,326호,월,0930,2200
TIP,326호,토,0930,2200
TIP,326호,화,0930,1330
TIP,326호,화,1520,1725
TIP,326호,화,1905,2200
TIP,403호,금,0930,2200
TIP,403호,목,0930,2200
TIP,403호,수,1320,2200
TIP,403호,월,1120,1630
TIP,403호,월,1815,2200
TIP,403호,토,0930,2200
TIP,403호,화,0930,2200
TIP,412호,금,1320,2200
TIP,412호,목,0930,1725
TIP,412호,목,1905,2200
TIP,412호,수,1320,1530
TIP,412호,수,1720,2200
TIP,412호,월,0930,2200
TIP,412호,토,0930,2200
TIP,412호,화,0930,1330
TIP,412호,화,1520,1725
TIP,412호,화,1905,2200
TIP,425호,금,0930,2200
TIP,425호,목,0930,2200
TIP,425호,수,1220,1530
TIP,425호,수,1815,2200
TIP,425호,월,0930,2200
TIP,425호,토,0930,2200
TIP,425호,화,0930,2200
TIP,512호,금,1320,2200
TIP,512호,목,0930,1725
TIP,512호,목,1905,2200
TIP,512호,수,1320,1530
TIP,512호,수,1720,2200
TIP,512호,월,0930,2200
TIP,512호,토,0930,2200
TIP,512호,화,0930,1330
TIP,512호,화,1520,1725
TIP,512호,화,1905,2200
TIP,513호,금,1320,2200
TIP,513호,목,0930,1725
TIP,513호,목,1905,2200
TIP,513호,수,1320,1530
TIP,513호,수,1720,2200
TIP,513호,월,0930,2200
TIP,513호,토,0930,2200
TIP,513호,화,0930,1330
TIP,513호,화,1520,1725
TIP,513호,화,1905,2200
TIP,517호,금,0930,2200
TIP,517호,목,0930,2200
TIP,517호,수,0930,1905
TIP,517호,월,0930,2200
TIP,517호,토,1220,2200
TIP,517호,화,1320,1725
TIP,517호,화,1815,2200
비즈,501호,금,1220,2200
비즈,501호,목,0930,1030
비즈,501호,목,1320,1430
비즈,501호,목,1720,2200
비즈,501호,수,1220,1530
비즈,501호,수,1955,2200
비즈,501호,월,0930,1030
비즈,501호,월,1320,1815
비즈,501호,월,1955,2200
비즈,501호,토,0930,2200
비즈,501호,화,0930,1030
비즈,501호,화,1320,1430
비즈,501호,화,1720,2200
산융,202호,금,1520,2200
산융,202호,목,0930,1530
산융,202호,목,1905,2200
산융,202호,수,0930,1030
산융,202호,수,1320,2200
산융,202호,월,0930,1230
산융,202호,월,1320,1530
산융,202호,월,1905,2200
산융,202호,토,0930,2200
산융,202호,화,1320,1430
산융,202호,화,1720,2200
산융,203호,금,1905,2200
산융,203호,목,0930,1130
산융,203호,목,1520,2200
산융,203호,수,0930,2200
산융,203호,월,0930,1130
산융,203호,월,1905,2200
산융,203호,토,0930,2200
산융,203호,화,0930,1330
산융,203호,화,1720,2200
산융,204호,금,0930,1230
산융,204호,금,1905,2200
산융,204호,목,0930,1030
산융,204호,목,1320,1430
산융,204호,목,1720,1815
산융,204호,목,1905,2200
산융,204호,수,0930,1230
산융,204호,수,1320,1530
산융,204호,수,1815,2200
산융,204호,월,0930,1430
산융,204호,월,1720,1905
산융,204호,토,0930,2200
산융,204호,화,0930,1030
산융,204호,화,1320,1430
산융,204호,화,1815,2200
산융,205호,금,0930,1130
산융,205호,금,2050,2200
산융,205호,목,0930,1530
산융,205호,목,1720,1905
산융,205호,목,2050,2200
산융,205호,수,0930,1530
산융,205호,수,1720,1905
산융,205호,수,2050,2200
산융,205호,월,0930,1530
산융,205호,월,1720,1905
산융,205호,월,2050,2200
산융,205호,토,0930,2200
산융,205호,화,0930,1430
산융,205호,화,1720,2200
산융,206호,금,0930,1130
산융,206호,금,1320,2200
산융,206호,목,0930,1430
산융,206호,목,1720,2200
산융,206호,수,0930,2200
산융,206호,월,0930,1030
산융,206호,월,1220,1330
산융,206호,월,1720,1905
산융,206호,월,2050,2200
산융,206호,토,0930,2200
산융,206호,화,0930,1430
산융,206호,화,1720,2200
산융,302호,금,0930,1130
산융,302호,금,1420,1530
산융,302호,금,1720,2200
산융,302호,목,0930,1030
산융,302호,목,1320,1430
산융,302호,목,1620,2200
산융,302호,수,1320,1530
산융,302호,수,1905,2200
산융,302호,월,1120,1230
산융,302호,월,1520,1630
산융,302호,월,1905,2200
산융,302호,토,0930,2200
산융,302호,화,0930,1130
산융,302호,화,1320,1430
산융,302호,화,1720,2200
산융,303호,금,1220,1430
산융,303호,금,1720,2200
산융,303호,목,0930,1230
산융,303호,목,1420,1530
산융,303호,목,1720,2200
산융,303호,수,1220,1530
산융,303호,수,1720,2200
산융,303호,월,0930,1430
산융,303호,월,1720,1905
산융,303호,토,0930,2200
산융,303호,화,0930,1030
산융,303호,화,1320,1530
산융,303호,화,1720,2200
산융,304호,금,0930,1030
산융,304호,금,1320,1430
산융,304호,금,1720,2200
산융,304호,목,0930,1430
산융,304호,목,1720,2200
산융,304호,수,1320,1530
산융,304호,수,1815,2200
산융,304호,월,0930,1430
산융,304호,월,1720,1905
산융,304호,토,0930,2200
산융,304호,화,0930,1430
산융,304호,화,1815,1905
산융,305호,금,0930,1030
산융,305호,금,1320,1430
산융,305호,금,1720,2200
산융,305호,목,1120,1330
산융,305호,목,1520,2200
산융,305호,수,1220,1530
산융,305호,수,1815,2200
산융,305호,월,1220,1330
산융,305호,월,1720,2200
산융,305호,토,0930,2200
산융,305호,화,1220,1330
산융,305호,화,1720,2200
산융,306호,금,0930,1030
산융,306호,금,1320,1430
산융,306호,금,1720,2200
산융,306호,목,0930,1430
산융,306호,목,1720,1905
산융,306호,수,1120,1530
산융,306호,수,1720,1905
산융,306호,수,2050,2200
산융,306호,월,1020,1430
산융,306호,월,1815,1905
산융,306호,토,0930,2200
산융,306호,화,0930,1430
산융,306호,화,1720,1905
산융,307호,금,1720,1815
산융,307호,금,1955,2200
산융,307호,목,0930,1430
산융,307호,목,1720,2200
산융,307호,수,0930,1030
산융,307호,수,1320,1530
산융,307호,수,1720,2200
산융,307호,월,0930,1430
산융,307호,월,1720,1905
산융,307호,토,0930,2200
산융,307호,화,0930,1430
산융,307호,화,1720,2200
산융,308호,금,0930,1030
산융,308호,금,1720,2200
산융,308호,목,0930,1430
산융,308호,목,1720,2200
산융,308호,수,0930,1905
산융,308호,월,1320,1530
산융,308호,월,1720,1905
산융,308호,월,2050,2200
산융,308호,토,0930,2200
산융,308호,화,0930,1430
산융,308호,화,1720,1905
산융,309호,금,0930,1130
산융,309호,금,1720,2200
산융,309호,목,0930,1030
산융,309호,목,1320,1630
산융,309호,목,1815,2200
산융,309호,수,1220,1725
산융,309호,수,1815,2200
산융,309호,월,0930,1430
산융,309호,월,1720,2200
산융,309호,토,0930,2200
산융,309호,화,1720,2200
산융,310호,금,1220,1330
산융,310호,금,1620,2200
산융,310호,목,0930,1430
산융,310호,목,1720,2200
산융,310호,수,1320,1530
산융,310호,수,1905,2200
산융,310호,월,0930,1030
산융,310호,월,1720,2200
산융,310호,토,0930,2200
산융,310호,화,1320,1530
산융,310호,화,1815,2200
산융,402호,금,0930,1030
산융,402호,금,1320,2200
산융,402호,목,0930,2200
산융,402호,수,0930,2200
산융,402호,월,0930,2200
산융,402호,토,0930,2200
산융,402호,화,0930,2200
산융,403호,금,1720,2200
산융,403호,목,0930,1030
산융,403호,목,1320,1430
산융,403호,목,1955,2200
산융,403호,수,1320,1530
산융,403호,수,1905,2200
산융,403호,월,0930,1330
산융,403호,월,1815,2200
산융,403호,토,0930,2200
산융,403호,화,1320,2200
산융,404호,금,0930,1030
산융,404호,금,1320,1430
산융,404호,금,1720,2200
산융,404호,목,0930,1030
산융,404호,목,1320,1430
산융,404호,목,1720,2200
산융,404호,수,0930,1030
산융,404호,수,1320,1530
산융,404호,수,1815,2200
산융,404호,월,0930,1030
산융,404호,월,1320,2200
산융,404호,토,0930,2200
산융,404호,화,0930,1430
산융,404호,화,1720,2200
산융,405호,금,1320,2200
산융,405호,목,0930,1030
산융,405호,목,1420,1530
산융,405호,목,1720,1905
산융,405호,수,0930,1130
산융,405호,수,1320,1530
산융,405호,수,1720,2200
산융,405호,월,1220,1430
산융,405호,월,1720,1905
산융,405호,토,0930,2200
산융,405호,화,1120,1230
산융,405호,화,1420,1530
산융,405호,화,1720,2200
산융,406호,금,0930,2200
산융,406호,목,0930,1430
산융,406호,목,1720,2200
산융,406호,수,0930,1530
산융,406호,수,1905,2200
산융,406호,월,1220,1330
산융,406호,월,1620,2200
산융,406호,토,0930,2200
산융,406호,화,0930,1430
산융,406호,화,1720,2200
산융,407호,금,0930,2200
산융,407호,목,0930,1130
산융,407호,목,1320,1430
산융,407호,목,1720,2200
산융,407호,수,0930,1130
산융,407호,수,1320,1530
산융,407호,수,1720,2200
산융,407호,월,0930,1030
산융,407호,월,1220,1430
산융,407호,월,1955,2200
산융,407호,토,0930,2200
산융,407호,화,1720,1905
산융,409호,금,0930,1330
산융,409호,금,1905,2200
산융,409호,목,0930,1030
산융,409호,목,1320,1430
산융,409호,목,1720,1905
산융,409호,수,0930,1130
산융,409호,수,1320,1530
산융,409호,수,1815,2200
산융,409호,월,0930,1030
산융,409호,월,1220,1430
산융,409호,월,1815,1905
산융,409호,토,0930,2200
산융,409호,화,1120,1530
산융,409호,화,1815,2200
산융,411호,금,0930,1030
산융,411호,금,1320,1430
산융,411호,금,1720,2200
산융,411호,목,1220,1330
산융,411호,목,1720,1905
산융,411호,수,0930,1530
산융,411호,수,1720,2200
산융,411호,월,0930,1030
산융,411호,월,1320,2200
산융,411호,토,0930,2200
산융,411호,화,0930,1130
산융,411호,화,1220,1430
산융,502호,금,0930,2200
산융,502호,목,0930,2200
산융,502호,수,0930,2200
산융,502호,월,0930,1725
산융,502호,월,1815,2200
산융,502호,토,0930,2200
산융,502호,화,0930,2200
산융,505호,금,0930,2200
산융,505호,목,1320,2200
산융,505호,수,1320,1530
산융,505호,수,1905,2200
산융,505호,월,1815,2200
산융,505호,토,0930,2200
산융,505호,화,1955,2200
산융,511호,금,0930,2200
산융,511호,목,1720,2200
산융,511호,수,0930,2200
산융,511호,월,0930,2200
산융,511호,토,0930,2200
산융,511호,화,0930,2200
산융,517호,금,1720,2200
산융,517호,목,0930,2200
산융,517호,수,0930,1530
산융,517호,수,1905,2200
산융,517호,월,0930,1330
산융,517호,월,1620,1725
산융,517호,월,1815,2200
산융,517호,토,0930,2200
산융,517호,화,1320,2200
산융,518호,금,1320,1430
산융,518호,금,1620,2200
산융,518호,목,0930,1330
산융,518호,목,1720,2200
산융,518호,수,0930,2200
산융,518호,월,0930,1725
산융,518호,월,1815,2200
산융,518호,토,0930,2200
산융,518호,화,0930,2200
산융,602호,금,0930,2200
산융,602호,목,0930,2200
산융,602호,수,0930,2200
산융,602호,월,0930,1725
산융,602호,월,1815,2200
산융,602호,토,0930,2200
산융,602호,화,0930,2200
산융,605호,금,0930,2200
산융,605호,목,0930,2200
산융,605호,수,0930,2200
산융,605호,월,0930,1725
산융,605호,월,1815,2200
산융,605호,토,0930,2200
산융,605호,화,0930,2200
산융,611호,금,0930,2200
산융,611호,목,0930,1330
산융,611호,목,1720,2200
산융,611호,수,0930,2200
산융,611호,월,0930,1725
산융,611호,월,1815,2200
산융,611호,토,0930,2200
산융,611호,화,0930,2200
산융,617호,금,0930,2200
산융,617호,목,1720,2200
산융,617호,수,1320,1530
산융,617호,수,1905,2200
산융,617호,월,0930,1725
산융,617호,월,1815,2200
산융,617호,토,0930,2200
산융,617호,화,1720,2200
산융,619호,금,0930,1330
산융,619호,금,1720,2200
산융,619호,목,1905,2200
산융,619호,수,1320,1530
산융,619호,수,1905,2200
산융,619호,월,1720,2200
산융,619호,토,0930,2200
산융,619호,화,1720,2200
산융,702호,금,0930,1030
산융,702호,금,1320,2200
산융,702호,목,0930,1330
산융,702호,목,1720,2200
산융,702호,수,0930,1030
산융,702호,수,1320,1530
산융,702호,수,1815,2200
산융,702호,월,0930,1725
산융,702호,월,1815,2200
산융,702호,토,0930,2200
산융,702호,화,0930,1030
산융,702호,화,1220,1430
산융,702호,화,1720,2200
산융,705호,금,0930,1130
산융,705호,금,1320,2200
산융,705호,목,0930,1030
산융,705호,목,1220,1330
산융,705호,목,1720,2200
산융,705호,수,1320,2200
산융,705호,월,0930,1725
산융,705호,월,1815,2200
산융,705호,토,0930,2200
산융,705호,화,0930,1130
산융,705호,화,1720,2200
산융,706호,금,0930,1230
산융,706호,금,1420,2200
산융,706호,목,0930,1130
산융,706호,목,1320,1430
산융,706호,목,1620,1725
산융,706호,목,1905,2200
산융,706호,수,0930,1030
산융,706호,수,1320,1725
산융,706호,수,1815,2200
산융,706호,월,0930,1230
산융,706호,월,1520,2200
산융,706호,토,0930,2200
산융,706호,화,1720,2200
산융,708호,금,1220,2200
산융,708호,목,0930,1230
산융,708호,목,1420,1530
산융,708호,목,1720,2200
산융,708호,수,1220,1530
산융,708호,수,1815,2200
산융,708호,월,0930,1130
산융,708호,월,1320,1530
산융,708호,월,1720,2200
산융,708호,토,0930,2200
산융,708호,화,0930,1030
산융,708호,화,1320,1530
산융,708호,화,1720,2200
산융,709호,금,0930,1330
산융,709호,금,1620,2200
산융,709호,목,0930,2200
산융,709호,수,1320,2200
산융,709호,월,1815,2200
산융,709호,토,0930,2200
산융,709호,화,0930,1030
산융,709호,화,1320,1530
산융,709호,화,1815,2200
산융,710호,금,0930,1030
산융,710호,금,1220,1330
산융,710호,금,1905,2200
산융,710호,목,1320,1430
산융,710호,목,1720,1905
산융,710호,수,0930,1030
산융,710호,수,1320,1530
산융,710호,수,1720,1905
산융,710호,수,2050,2200
산융,710호,월,1320,1430
산융,710호,월,1720,2200
산융,710호,토,0930,2200
산융,710호,화,1320,1430
산융,710호,화,1720,1905
종합,401호,금,0930,2200
종합,401호,목,0930,1030
종합,401호,목,1320,1430
종합,401호,목,1720,2200
종합,401호,수,1320,1530
종합,401호,수,1905,2200
종합,401호,월,0930,2200
종합,401호,토,0930,2200
종합,401호,화,0930,2200
종합,402호,금,0930,2200
종합,402호,목,1220,2200
종합,402호,수,1320,1530
종합,402호,수,1905,2200
종합,402호,월,0930,2200
종합,402호,토,0930,2200
종합,402호,화,1220,1330
종합,402호,화,1720,2200
종합,406호,금,0930,2200
종합,406호,목,1120,1530
종합,406호,목,1720,2200
종합,406호,수,1220,1530
종합,406호,수,1815,2200
종합,406호,월,0930,2200
종합,406호,토,0930,2200
종합,406호,화,0930,1330
종합,406호,화,1720,2200
종합,408호,금,0930,2200
종합,408호,목,1220,1430
종합,408호,목,1720,2200
종합,408호,수,1220,1530
종합,408호,수,1720,2200
종합,408호,월,1320,1530
종합,408호,월,1620,2200
종합,408호,토,0930,2200
종합,408호,화,1420,1530
종합,408호,화,1720,2200
종합,410호,금,0930,1330
종합,410호,금,1720,2200
종합,410호,목,0930,2200
종합,410호,수,0930,1130
종합,410호,수,1320,2200
종합,410호,월,0930,1330
종합,410호,월,1720,2200
종합,410호,토,0930,2200
종합,410호,화,0930,1330
종합,410호,화,1905,2200
종합,412호,금,0930,1130
종합,412호,금,1320,1430
종합,412호,금,1620,2200
종합,412호,목,0930,1030
종합,412호,목,1220,1330
종합,412호,목,1520,2200
종합,412호,수,0930,1130
종합,412호,수,1320,1530
종합,412호,수,1720,2200
종합,412호,월,1320,1725
종합,412호,월,2050,2200
종합,412호,토,0930,2200
종합,412호,화,0930,1330
종합,412호,화,1720,2200
종합,415호,금,0930,2200
종합,415호,목,0930,1330
종합,415호,목,1520,2200
종합,415호,수,0930,2200
종합,415호,월,0930,1330
종합,415호,월,1520,2200
종합,415호,토,0930,2200
종합,415호,화,0930,2200
종합,417호,금,0930,2200
종합,417호,목,0930,1530
종합,417호,목,1720,2200
종합,417호,수,0930,1530
종합,417호,수,1720,2200
종합,417호,월,0930,2200
종합,417호,토,0930,2200
종합,417호,화,0930,2200
종합,418호,금,0930,2200
종합,418호,목,0930,1430
종합,418호,목,1720,1905
종합,418호,수,1320,1905
종합,418호,월,0930,1430
종합,418호,월,1720,1905
종합,418호,토,0930,2200
종합,418호,화,1420,1530
종합,418호,화,2050,2200
